id,employee id ,employee name
0,e1000,BAM
1,e1001,OLIVIA
2,e1002,RUBY
3,e1003,EMILY
4,e1004,GRACE
5,e1005,JESSICA
6,e1006,CHLOE
7,e1007,SOPHIE
8,e1008,LILY
9,e1009,AMELIA
10,e1010,EVIE
11,e1011,MIA
12,e1012,ELLA
13,e1013,CHARLOTTE
14,e1014,LUCY
15,e1015,MEGAN
16,e1016,ELLIE
17,e1017,ISABELLE
18,e1018,ISABELLA
19,e1019,HANNAH
20,e1020,KATIE
21,e1021,AVA
22,e1022,HOLLY
23,e1023,SUMMER
24,e1024,MILLIE
25,e1025,DAISY
26,e1026,PHOEBE
27,e1027,FREYA
28,e1028,ABIGAIL
29,e1029,POPPY
30,e1030,ERIN
31,e1031,EMMA
32,e1032,MOLLY
33,e1033,IMOGEN
34,e1034,AMY
35,e1035,JASMINE
36,e1036,ISLA
37,e1037,SCARLETT
38,e1038,LEAH
39,e1039,SOPHIA
40,e1040,ELIZABETH
41,e1041,EVA
42,e1042,BROOKE
43,e1043,MATILDA
44,e1044,CAITLIN
45,e1045,KEIRA
46,e1046,ALICE
47,e1047,LOLA
48,e1048,LILLY
49,e1049,AMBER
50,e1050,ISABEL
51,e1051,LAUREN
52,e1052,GEORGIA
53,e1053,GRACIE
54,e1054,ELEANOR
55,e1055,BETHANY
56,e1056,MADISON
57,e1057,AMELIE
58,e1058,ISOBEL
59,e1059,PAIGE
60,e1060,LACEY
61,e1061,SIENNA
62,e1062,LIBBY
63,e1063,MAISIE
64,e1064,ANNA
65,e1065,REBECCA
66,e1066,ROSIE
67,e1067,TIA
68,e1068,LAYLA
69,e1069,MAYA
70,e1070,NIAMH
71,e1071,ZARA
72,e1072,SARAH
73,e1073,LEXI
74,e1074,MADDISON
75,e1075,ALISHA
76,e1076,SOFIA
77,e1077,SKYE
78,e1078,NICOLE
79,e1079,LEXIE
80,e1080,FAITH
81,e1081,MARTHA
82,e1082,HARRIET
83,e1083,ZOE
84,e1084,EVE
85,e1085,JULIA
86,e1086,AIMEE
87,e1087,HOLLIE
88,e1088,LYDIA
89,e1089,EVELYN
90,e1090,ALEXANDRA
91,e1091,MARIA
92,e1092,FRANCESCA
93,e1093,TILLY
94,e1094,FLORENCE
95,e1095,ALICIA
96,e1096,ABBIE
97,e1097,EMILIA
98,e1098,COURTNEY
99,e1099,MARYAM
100,e1100,ESME
101,e1101,OLIVER
102,e1102,THOMAS
103,e1103,HARRY
104,e1104,JOSHUA
105,e1105,ALFIE
106,e1106,CHARLIE
107,e1107,DANIEL
108,e1108,JAMES
109,e1109,WILLIAM
110,e1110,SAMUEL
111,e1111,GEORGE
112,e1112,JOSEPH
113,e1113,LEWIS
114,e1114,ETHAN
115,e1115,MOHAMMED
116,e1116,DYLAN
117,e1117,BENJAMIN
118,e1118,ALEXANDER
119,e1119,JACOB
120,e1120,RYAN
121,e1121,LIAM
122,e1122,JAKE
123,e1123,MAX
124,e1124,LUKE
125,e1125,TYLER
126,e1126,CALLUM
127,e1127,MATTHEW
128,e1128,JAYDEN
129,e1129,OSCAR
130,e1130,ARCHIE
131,e1131,ADAM
132,e1132,RILEY
133,e1133,HARVEY
134,e1134,HARRISON
135,e1135,LUCAS
136,e1136,MUHAMMAD
137,e1137,HENRY
138,e1138,ISAAC
139,e1139,LEO
140,e1140,CONNOR
141,e1141,EDWARD
142,e1142,FINLEY
143,e1143,LOGAN
144,e1144,NOAH
145,e1145,CAMERON
146,e1146,ALEX
147,e1147,OWEN
148,e1148,RHYS
149,e1149,NATHAN
150,e1150,JAMIE
151,e1151,MICHAEL
152,e1152,MASON
153,e1153,TOBY
154,e1154,AARON
155,e1155,CHARLES
156,e1156,BEN
157,e1157,THEO
158,e1158,LOUIS
159,e1159,FREDDIE
160,e1160,FINLAY
161,e1161,LEON
162,e1162,HARLEY
163,e1163,DAVID
164,e1164,MOHAMMAD
165,e1165,REECE
166,e1166,KIAN
167,e1167,KAI
168,e1168,KYLE
169,e1169,BRANDON
170,e1170,HAYDEN
171,e1171,ZACHARY
172,e1172,KIERAN
173,e1173,LUCA
174,e1174,ASHTON
175,e1175,BAILEY
176,e1176,SEBASTIAN
177,e1177,GABRIEL
178,e1178,SAM
179,e1179,EVAN
180,e1180,BRADLEY
181,e1181,ELLIOT
182,e1182,JOHN
183,e1183,TAYLOR
184,e1184,JOE
185,e1185,COREY
186,e1186,REUBEN
187,e1187,JOEL
188,e1188,ROBERT
189,e1189,ELLIS
190,e1190,BLAKE
191,e1191,AIDAN
192,e1192,LOUIE
193,e1193,CHRISTOPHER
194,e1194,EWAN
195,e1195,JAY
196,e1196,MORGAN
197,e1197,BILLY
198,e1198,SEAN
199,e1199,ZAK